{
    "vertices":[-0.034362,0.399904,-0.002524,-0.019879,0.399904,-0.002524,-0.034362,0.452046,-0.002524,-0.019879,0.452046,-0.002524,-0.034362,0.399904,0.00327,-0.019879,0.399904,0.00327,-0.034362,0.452046,0.00327,-0.019879,0.452046,0.00327],
    "name":"Box002MeshGeometry",
    "uvs":[[0,1,1,0,1,1,0,0]],
    "metadata":{
        "vertices":8,
        "generator":"io_three",
        "type":"Geometry",
        "version":3,
        "uvs":1,
        "normals":9,
        "faces":12
    },
    "normals":[0,-1,-0,-0,-1,-0,0,1,0,0,0,1,1,-0,-0,1,0,0,-0,0,-1,0,0,-1,-1,0,-0],
    "faces":[40,3,0,2,0,1,2,0,0,0,40,0,3,1,1,0,3,1,1,1,40,6,4,7,0,3,2,2,2,2,40,7,4,5,2,3,1,2,2,2,40,5,4,0,2,0,3,3,3,3,40,5,0,1,2,3,1,3,3,3,40,7,1,3,2,3,1,4,4,4,40,1,7,5,3,2,0,5,5,5,40,3,2,6,3,1,2,6,6,6,40,3,6,7,3,2,0,7,7,7,40,4,6,2,2,0,3,8,8,8,40,2,0,4,3,1,2,8,8,8]
}